date,window,season,week,snapshot_utc,cold_start,prob_hits,prob_graded,prob_expected,ev_hits,ev_graded,ev_expected,ev_flat_pnl
2026-09-09,,2026,1,2026-09-09T16:46:30+00:00,True,2,20,3.47,2,19,3.18,-2.65
2026-09-10,all,2026,1,2026-09-10T17:55:33+00:00,True,4,20,4.24,3,16,3.71,-0.6
2026-09-13,early,2026,1,2026-09-13T13:42:26+00:00,True,11,20,7.76,2,20,3.83,-5.0
2026-09-13,late,2026,1,2026-09-13T17:10:56+00:00,True,10,20,6.31,5,20,4.74,-4.26
2026-09-14,late,2026,1,2026-09-14T18:32:38+00:00,True,4,20,3.47,4,12,2.27,6.32
2026-09-17,late,2026,2,2026-09-17T17:36:21+00:00,True,8,20,3.94,0,0,0.0,0.0
2026-09-20,early,2026,2,2026-09-20T16:45:59+00:00,True,3,20,7.8,0,0,0.0,0.0
2026-09-20,late,2026,2,2026-09-20T17:13:13+00:00,True,9,20,7.48,0,0,0.0,0.0
2026-09-21,late,2026,2,2026-09-21T18:37:33+00:00,True,3,20,3.73,0,0,0.0,0.0
2026-09-24,late,2026,3,2026-09-24T17:50:29+00:00,False,5,20,3.7,0,0,0.0,0.0
2026-09-27,early,2026,3,2026-09-27T15:28:37+00:00,False,9,20,8.14,0,0,0.0,0.0
2026-09-27,late,2026,3,2026-09-27T19:08:47+00:00,False,5,20,7.27,0,0,0.0,0.0
2026-09-28,all,2026,3,2026-09-28T13:35:18+00:00,False,3,20,3.86,0,0,0.0,0.0
2026-09-28,late,2026,3,2026-09-28T19:12:24+00:00,False,3,20,3.86,0,0,0.0,0.0
2026-10-01,all,2026,4,2026-10-01T13:45:54+00:00,False,6,20,3.27,4,7,1.38,13.2
2026-10-01,late,2026,4,2026-10-01T19:11:16+00:00,False,6,20,3.27,4,7,1.38,13.45
